Frame,Tag,cX,cY
10,37,1373.5205078125,1189.77099609375
25,34,1373.25341796875,1188.7236328125
27,12,734.587158203125,326.0321350097656
57,12,687.019287109375,403.4112548828125
59,12,688.5084228515625,406.8935546875
61,12,687.823486328125,410.3323059082031
62,12,689.365478515625,412.55548095703125
67,12,694.2134399414062,425.0897216796875
68,12,694.65478515625,428.7386474609375
69,12,698.4613647460938,432.45330810546875
72,12,691.0225219726562,437.6788024902344
74,12,683.8016357421875,442.38250732421875
76,12,676.278076171875,442.6221923828125
77,12,670.4520263671875,440.532470703125
92,12,581.7034912109375,415.3236389160156
95,12,562.4258422851562,414.62640380859375
98,12,544.5289916992188,418.36175537109375
103,12,524.4866333007812,421.2096252441406
105,12,516.9610595703125,421.0431213378906
106,12,514.58837890625,421.98150634765625
109,12,508.87274169921875,423.980224609375
110,12,507.4612731933594,428.1329650878906
111,12,500.955810546875,426.82464599609375
112,12,500.40020751953125,426.647705078125
113,12,498.64892578125,428.9854431152344
125,17,1271.727783203125,598.2911376953125
126,17,1271.422119140625,597.50048828125
133,28,103.9707260131836,1114.7958984375
161,44,410.1764221191406,508.38409423828125
181,32,733.5,312.5
201,17,551.9383544921875,198.44149780273438
251,12,614.2349853515625,206.09934997558594
252,12,620.248779296875,198.35523986816406
262,12,643.5264892578125,127.40225219726562
263,12,641.3824462890625,115.60245513916016
265,12,633.1991577148438,106.55853271484375
267,12,626.4395751953125,103.96754455566406
268,12,624.4296264648438,104.27281188964844
270,12,619.215087890625,106.1705322265625
271,12,616.0238037109375,111.21182250976562
273,12,607.9164428710938,112.95832824707031
274,12,603.3524780273438,112.24652862548828
284,12,557.288330078125,114.14408874511719
289,13,190.85313415527344,1082.4560546875
290,12,535.1072387695312,111.1279296875
295,12,514.6394653320312,108.98997497558594
296,12,511.81170654296875,110.43657684326172
297,12,509.5141296386719,109.16241455078125
298,12,510.161865234375,106.97787475585938
326,13,265.21484375,904.674072265625
327,13,268.26702880859375,897.2372436523438
337,13,291.80694580078125,858.694091796875
356,12,482.53070068359375,98.14382934570312
363,12,505.2104797363281,93.09196472167969
372,12,520.1560668945312,95.77937316894531
376,12,519.8292236328125,95.91879272460938
386,37,568.4969482421875,1352.114013671875
410,7,1351.569580078125,865.1922607421875
413,7,1350.16748046875,860.1781616210938
414,7,1349.833251953125,860.49853515625
416,7,1350.94580078125,859.5817260742188
430,7,1344.5732421875,862.181884765625
434,7,1346.8406982421875,862.0827026367188
440,7,1346.0728759765625,860.4464111328125
445,7,1343.71435546875,861.778564453125
447,7,1344.876220703125,863.0540771484375
456,18,592.8285522460938,1163.55224609375
472,7,1340.2620849609375,848.72705078125
473,7,1340.276123046875,847.6964111328125
474,7,1339.8209228515625,848.244140625
475,7,1339.55126953125,848.3616943359375
476,7,1342.3055419921875,847.399169921875
479,7,1346.13330078125,842.4735717773438
487,12,398.54302978515625,166.83143615722656
489,12,398.3466796875,168.58944702148438
492,12,405.47686767578125,163.70912170410156
493,12,407.8409423828125,163.30218505859375
496,12,411.6142883300781,161.35443115234375
497,18,575.4170532226562,1293.828125
498,18,576.7359619140625,1291.975830078125
499,12,414.9842834472656,162.70193481445312
502,12,419.3184814453125,173.23385620117188
506,12,419.6958312988281,185.8439483642578
507,12,418.26422119140625,188.63653564453125
509,7,1346.993408203125,825.4893798828125
509,12,413.72552490234375,198.54443359375
511,12,414.457763671875,202.37303161621094
512,12,415.3953552246094,203.73130798339844
515,12,411.9727783203125,207.25653076171875
516,12,410.69195556640625,208.59307861328125
517,12,410.6874694824219,208.60772705078125
518,7,1353.16357421875,827.1964111328125
519,7,1352.6253662109375,827.3477783203125
520,12,401.0138244628906,216.24049377441406
521,12,399.33111572265625,215.390869140625
522,7,1352.447998046875,828.798828125
522,12,396.9507141113281,216.14239501953125
523,12,399.00775146484375,226.50765991210938
524,12,396.4202575683594,233.74285888671875
525,12,392.6844482421875,241.39663696289062
526,12,392.17169189453125,245.64935302734375
527,12,386.9207763671875,248.68417358398438
528,12,376.876220703125,257.43035888671875
534,7,1343.030517578125,836.166748046875
535,12,377.0430908203125,282.943115234375
538,12,391.818603515625,287.9041748046875
539,12,401.8524169921875,291.4468994140625
541,44,1344.5,843.5
541,12,405.3497009277344,292.7132568359375
542,12,405.20233154296875,298.852783203125
545,7,1343.841552734375,844.2774047851562
545,12,409.8356628417969,312.19000244140625
547,7,1350.0419921875,840.93212890625
548,7,1355.22607421875,837.2553100585938
549,7,1358.5400390625,833.1669921875
555,12,472.5046081542969,288.01531982421875
561,7,1356.892333984375,841.35546875
562,37,512.7520141601562,303.1077880859375
564,12,520.2779541015625,309.23211669921875
573,12,554.986328125,346.0032958984375
576,12,564.19287109375,360.47454833984375
589,37,1373.28955078125,859.0118408203125
590,7,1371.98974609375,862.299560546875
597,7,1365.28271484375,867.1455078125
604,7,1366.294921875,867.7763671875
619,7,1373.295166015625,874.2791748046875
633,17,815.1155395507812,431.46148681640625
634,17,814.2816162109375,431.4776611328125
635,40,812.592529296875,431.88427734375
637,37,67.2112045288086,1606.802978515625
641,37,61.45745086669922,1621.69482421875
644,13,79.72430419921875,73.72157287597656
645,13,78.1895980834961,72.95897674560547
649,13,81.05797576904297,80.17770385742188
652,7,1384.0908203125,886.3621826171875
653,7,1385.1767578125,885.9239501953125
659,34,44.5,1651.5
662,37,44.77165222167969,1643.8929443359375
663,37,45.729148864746094,1642.70166015625
670,37,51.08345031738281,1621.2208251953125
674,12,610.8436279296875,542.838134765625
675,12,610.0047607421875,547.4137573242188
679,12,604.0494995117188,553.6365966796875
680,12,601.8141479492188,557.5283203125
681,12,596.779296875,561.9893798828125
684,12,590.3251953125,566.1967163085938
688,12,585.3363037109375,570.1807861328125
691,12,581.5308837890625,571.921875
692,12,580.88818359375,571.484375
705,37,117.66581726074219,1696.595703125
717,12,512.6437377929688,564.68505859375
718,37,147.6358642578125,1702.275634765625
719,37,147.90640258789062,1702.013671875
720,12,505.727294921875,563.9620361328125
723,12,500.3934326171875,559.9794921875
724,12,494.8596496582031,557.0301513671875
725,12,492.13336181640625,555.2021484375
727,37,154.3885955810547,1713.48388671875
727,12,484.7582702636719,550.7408447265625
729,12,482.35504150390625,548.920654296875
731,12,480.6673278808594,546.91650390625
732,37,162.68145751953125,1714.2275390625
732,12,478.5911865234375,545.137451171875
733,37,163.57894897460938,1715.01171875
733,12,475.35760498046875,543.4022216796875
735,12,474.25103759765625,539.3689575195312
736,12,473.4424743652344,538.8148193359375
741,31,517.5,908.0
744,12,452.8997802734375,539.6658935546875
747,12,443.83123779296875,533.9373779296875
768,12,437.1498107910156,530.731201171875
769,12,437.3663330078125,529.43310546875
770,12,433.876220703125,529.427978515625
771,12,431.0467224121094,527.844482421875
772,12,429.8876953125,528.2568969726562
773,12,428.781982421875,524.0079956054688
780,12,437.9588623046875,527.6314697265625
781,12,436.96612548828125,527.4013671875
783,12,432.4620361328125,528.98681640625
784,12,431.23114013671875,529.4877319335938
788,12,432.6343994140625,530.1807861328125
789,12,432.81024169921875,530.8033447265625
790,12,432.5950622558594,530.4864501953125
792,12,431.00579833984375,531.5886840820312
793,12,431.8229675292969,531.3229370117188
794,12,431.93927001953125,530.8052978515625
795,12,429.8507385253906,529.783447265625
800,12,427.58026123046875,531.0361938476562
802,12,429.3460388183594,530.1226806640625
803,12,426.804443359375,528.289306640625
804,7,1424.885009765625,906.1517944335938
807,12,423.2546081542969,528.8314208984375
815,12,419.61419677734375,521.7437744140625
816,12,418.4784851074219,521.4561157226562
823,7,1417.58349609375,907.681884765625
824,7,1417.224853515625,908.718505859375
825,7,1416.0,910.0
828,12,419.2230529785156,524.6544799804688
836,7,1414.5,910.0
837,7,1413.5,910.0
838,7,1414.29931640625,908.08837890625
839,7,1412.30224609375,907.0869140625
844,13,452.65020751953125,162.10821533203125
857,13,469.87298583984375,156.00320434570312
858,13,469.7333984375,155.49879455566406
867,12,374.22967529296875,501.24847412109375
868,12,374.00994873046875,500.9006042480469
877,13,493.2335205078125,151.4058837890625
883,7,1409.13525390625,900.1118774414062
883,13,503.8442077636719,135.22552490234375
890,7,1403.90234375,898.8787841796875
891,7,1407.353759765625,897.9842529296875
897,7,1410.8809814453125,898.31298828125
915,13,560.9996337890625,114.40940856933594
919,13,571.925537109375,119.38702392578125
952,12,270.98333740234375,331.8645935058594
953,13,585.66552734375,115.37129211425781
954,12,273.25238037109375,320.9791259765625
960,12,286.0609130859375,299.07720947265625
963,13,585.5576171875,117.57866668701172
966,12,290.38934326171875,277.18768310546875
980,12,284.7745666503906,218.09176635742188
984,7,1467.0,912.0
995,13,583.8614501953125,120.16263580322266
996,13,583.86083984375,120.16305541992188
997,13,583.86083984375,120.16305541992188
998,13,583.86083984375,120.16305541992188
1000,13,583.7147216796875,120.322509765625
1001,13,583.7147216796875,120.322509765625
1002,13,583.7164306640625,120.3206558227539
1006,13,583.324951171875,120.81106567382812
1007,13,583.324951171875,120.81106567382812
1013,13,583.3248291015625,120.81094360351562
1019,44,1010.4793701171875,73.62378692626953
1020,44,1005.74658203125,78.2574234008789
1034,13,585.8043212890625,119.47312927246094
1052,13,585.8087158203125,117.71920776367188
1053,13,585.8087158203125,117.71920776367188
1088,13,584.2230224609375,119.00851440429688
1089,13,584.1817016601562,119.02588653564453
1090,13,584.2606201171875,120.12792205810547
1091,13,584.2606201171875,120.12792205810547
1098,13,583.9194946289062,117.04716491699219
1104,44,594.3753662109375,80.29103088378906
1105,17,593.5,79.5
1120,13,605.2626953125,166.91795349121094
1125,13,620.9592895507812,173.15988159179688
1126,13,626.0560913085938,173.47337341308594
1127,13,628.2647705078125,175.78729248046875
1131,13,638.0399169921875,174.39932250976562
1132,19,555.36572265625,307.68231201171875
1133,19,555.36572265625,307.68231201171875
1146,13,673.7706298828125,191.67965698242188
1152,13,690.099365234375,193.1519775390625
1153,13,696.0521240234375,199.33966064453125
1154,12,115.18220520019531,237.99111938476562
1154,13,700.8975219726562,201.8468780517578
1155,12,116.41807556152344,239.5269775390625
1157,13,719.63818359375,201.16748046875
1158,13,729.3275146484375,203.56710815429688
1161,13,749.365478515625,211.42257690429688
1165,12,120.60079956054688,259.75396728515625
1166,13,774.8952026367188,219.533203125
1167,12,122.91299438476562,264.02056884765625
1168,12,123.55345153808594,264.99822998046875
1169,13,788.5167846679688,216.70562744140625
1170,12,125.72279357910156,271.7752990722656
1171,12,125.20350646972656,275.61639404296875
1176,12,124.07357788085938,297.5069885253906
1177,12,124.10453033447266,302.7774963378906
1179,17,534.9005737304688,454.4268798828125
1180,17,536.3262939453125,453.96923828125
1184,17,535.9492797851562,454.01922607421875
1189,37,1664.8504638671875,1261.81982421875
1189,12,131.50811767578125,323.8224792480469
1194,37,129.75946044921875,336.376953125
1201,17,1433.213134765625,1338.24658203125
1203,12,115.02670288085938,361.26983642578125
1204,12,115.4752426147461,358.01141357421875
1205,12,118.62205505371094,354.0992126464844
1207,12,126.99942016601562,349.4305419921875
1215,13,831.5208740234375,222.4058837890625
1224,13,882.14404296875,234.1621551513672
1237,13,973.3710327148438,238.51837158203125
1245,12,198.0172119140625,294.6990966796875
1246,12,201.5507049560547,297.18804931640625
1246,13,1008.5,217.0
1250,12,209.90792846679688,296.5650939941406
1251,12,213.52249145507812,298.7544860839844
1252,12,215.52105712890625,299.9070739746094
1255,13,1028.8388671875,204.21591186523438
1256,12,214.95928955078125,299.7158203125
1267,12,217.3897705078125,298.5091552734375
1284,13,1047.3404541015625,177.9002227783203
1311,7,1609.373291015625,751.1346435546875
1317,7,1588.8759765625,743.5081787109375
1329,7,1575.8916015625,722.1221923828125
1333,7,1579.9134521484375,717.6309204101562
1335,7,1578.55126953125,714.7752685546875
1365,12,295.240478515625,364.83929443359375
1373,44,61.931583404541016,671.69287109375
1382,7,1571.444580078125,741.5466918945312
1385,7,1570.3460693359375,740.807861328125
1386,7,1572.409912109375,738.320556640625
1387,7,1570.113525390625,740.5215454101562
1391,7,1573.0111083984375,737.89208984375
1394,7,1571.0244140625,739.1131591796875
1395,7,1571.2203369140625,740.2198486328125
1397,17,431.88031005859375,1266.9169921875
1401,7,1571.95751953125,737.9820556640625
1405,7,1571.119384765625,739.5921630859375
1413,7,1571.54443359375,737.033935546875
1421,7,1570.3466796875,735.5196533203125
1422,7,1570.680908203125,735.66064453125
1424,7,1569.167724609375,738.780517578125
1425,7,1570.54296875,736.5643310546875
1428,7,1567.8427734375,740.2645874023438
1429,7,1566.54638671875,742.322509765625
1431,7,1564.770263671875,744.0032348632812
1432,7,1565.43505859375,741.9124145507812
1433,7,1565.2470703125,741.6841430664062
1434,7,1563.7227783203125,743.6680908203125
1436,7,1563.8031005859375,741.3125
1439,7,1564.7392578125,734.9837036132812
1452,12,304.1197204589844,405.479248046875
1462,12,295.34979248046875,413.2039794921875
1464,12,294.04766845703125,415.36383056640625
1465,12,293.9766845703125,415.4715576171875
1469,7,1567.145263671875,731.17822265625
1469,12,292.23040771484375,415.62908935546875
1472,7,1568.13037109375,726.9720458984375
1473,7,1566.6146240234375,726.9054565429688
1473,12,293.0142822265625,415.7352294921875
1474,12,292.80462646484375,415.8696594238281
1475,7,1565.509033203125,726.25341796875
1475,12,291.31561279296875,416.4901428222656
1476,12,291.67572021484375,416.95733642578125
1477,12,290.04180908203125,418.19720458984375
1479,12,287.4964599609375,421.402587890625
1481,12,286.6412353515625,422.21484375
1482,12,285.4617919921875,421.15545654296875
1483,12,285.66680908203125,421.1948547363281
1484,12,285.5882568359375,421.4558410644531
1485,12,284.2147216796875,422.4044494628906
1486,12,284.7347412109375,422.14666748046875
1487,7,1565.82421875,733.9986572265625
1487,12,284.75079345703125,421.90087890625
1488,12,284.88824462890625,421.15863037109375
1489,7,1562.648193359375,733.0973510742188
1489,12,284.5185241699219,420.89996337890625
1491,12,284.23419189453125,421.498779296875
1492,12,284.702880859375,421.19219970703125
1493,12,284.87750244140625,420.69927978515625
1496,12,284.3693542480469,417.8392333984375
1497,37,1656.8740234375,1136.653564453125
1510,7,1520.347412109375,742.1038818359375
1514,7,1515.0,741.5
1520,7,1515.0,742.5
1522,7,1514.5,738.5
1523,7,1510.19677734375,738.018798828125
1524,7,1509.100341796875,739.394775390625
1525,7,1510.5,742.5
1525,12,299.87567138671875,407.420654296875
1526,7,1511.0,744.0
1526,12,299.64239501953125,406.303466796875
1527,7,1510.3336181640625,748.4580078125
1527,12,299.66485595703125,405.59332275390625
1528,7,1511.0,746.0
1528,12,299.64617919921875,404.94720458984375
1530,12,298.76806640625,404.6880187988281
1533,12,298.2148132324219,403.97332763671875
1534,12,298.89776611328125,404.14208984375
1536,7,1511.0,746.5
1536,12,298.7215576171875,403.6753234863281
1537,7,1509.5,747.5
1537,12,298.7743835449219,403.7076416015625
1538,12,299.33233642578125,403.7442626953125
1539,12,300.1363220214844,404.02203369140625
1541,12,301.23095703125,404.38232421875
1542,12,300.66064453125,404.07080078125
1546,7,1495.5,754.5
1547,7,1494.5,755.5
1547,12,297.326904296875,401.32525634765625
1548,7,1493.0,755.5
1554,12,293.425537109375,405.79791259765625
1555,7,1474.4765625,769.3893432617188
1556,7,1474.044921875,770.3800048828125
1556,12,292.09503173828125,403.7945556640625
1557,12,292.1968078613281,403.3240966796875
1559,12,291.8025817871094,404.8263244628906
1574,12,295.4196472167969,410.873779296875
1577,12,296.3547058105469,410.7930603027344
1593,12,295.16925048828125,408.412841796875
1594,12,295.6804504394531,407.6217041015625
1595,12,297.1662902832031,407.1031188964844
1598,12,296.7477111816406,407.2510986328125
1599,12,297.41943359375,407.98828125
1600,12,298.7947998046875,408.4582824707031
1602,12,298.77581787109375,407.676025390625
1603,12,300.0159912109375,407.8577880859375
1604,12,300.97882080078125,407.91754150390625
1608,12,301.53424072265625,410.37005615234375
1610,12,303.16656494140625,410.0333557128906
1620,12,309.81982421875,409.38092041015625
1621,12,309.4434814453125,408.87493896484375
1622,12,308.42474365234375,408.51287841796875
1623,12,307.4061584472656,407.8183898925781
1624,12,307.42572021484375,407.8628234863281
1625,12,306.95733642578125,407.86077880859375
1626,12,306.8575439453125,408.12506103515625
1632,7,1406.7548828125,731.9725341796875
1634,12,310.5573425292969,424.94757080078125
1646,7,1406.4300537109375,738.9873046875
1651,12,341.4183349609375,437.7878112792969
1652,7,1404.525634765625,744.3953857421875
1653,7,1404.525634765625,744.3953857421875
1655,7,1406.6763916015625,743.2833251953125
1656,7,1409.4129638671875,742.3828125
1657,7,1411.8701171875,741.6763305664062
1658,7,1410.294189453125,741.402099609375
1659,12,348.8952941894531,450.4639587402344
1661,7,1410.0330810546875,743.670166015625
1666,12,363.1072692871094,469.1346740722656
1667,12,364.56170654296875,473.35693359375
1668,12,367.61358642578125,475.4798889160156
1670,12,375.9837646484375,482.5503234863281
1676,12,376.94207763671875,508.42779541015625
1683,7,1366.643310546875,752.0878295898438
1684,7,1363.9307861328125,752.6395263671875
1687,7,1352.802978515625,751.7044677734375
1690,7,1347.7017822265625,751.2760009765625
1693,7,1340.760986328125,744.97802734375
1695,7,1338.099609375,744.634033203125
1699,12,388.0950012207031,560.196533203125
1702,12,390.73199462890625,565.2535400390625
1704,7,1348.970458984375,754.2060546875
1707,7,1346.7581787109375,750.40380859375
1709,7,1343.5,749.0
1714,7,1342.2371826171875,744.2591552734375
1716,7,1342.83251953125,742.4700927734375
1717,7,1342.56201171875,741.5784912109375
1719,7,1342.1212158203125,737.949951171875
1720,7,1341.13916015625,737.4862060546875
1721,7,1342.60693359375,737.4481201171875
1721,12,392.5517578125,589.3670654296875
1722,12,391.9874267578125,591.703369140625
1725,7,1337.664794921875,734.4830322265625
1725,12,390.9441223144531,594.5972290039062
1726,7,1337.453369140625,735.1123046875
1726,12,389.99127197265625,596.000244140625
1727,7,1337.711669921875,734.35009765625
1728,7,1337.8896484375,734.0657958984375
1728,12,390.00885009765625,595.5870361328125
1729,7,1337.986572265625,733.728515625
1730,7,1337.986572265625,733.728515625
1731,7,1337.0982666015625,733.608642578125
1731,12,392.2923583984375,600.3131103515625
1732,12,391.5995788574219,602.1632080078125
1733,7,1336.625,736.8299560546875
1733,12,392.733642578125,602.4070434570312
1734,7,1338.5537109375,737.417724609375
1734,12,392.6125183105469,605.7726440429688
1735,12,393.0718994140625,609.5185546875
1737,7,1340.116455078125,738.80029296875
1738,7,1342.153564453125,739.1754150390625
1738,12,396.9700927734375,613.0347900390625
1740,7,1341.557373046875,740.8668823242188
1741,7,1338.057373046875,739.62744140625
1741,12,400.72528076171875,615.501220703125
1742,7,1340.9376220703125,740.369140625
1743,7,1339.7998046875,740.3746337890625
1744,12,400.1728515625,617.6240844726562
1745,7,1336.6123046875,742.1834716796875
1745,12,402.02178955078125,619.1593627929688
1746,12,401.625,619.6511840820312
1748,12,400.65386962890625,622.8124389648438
1749,12,400.528564453125,623.30615234375
1750,12,397.486328125,624.9697265625
1752,17,1342.373291015625,1154.843017578125
1752,12,399.53179931640625,627.49560546875
1753,12,399.65789794921875,628.5691528320312
1754,12,400.4207763671875,630.7073974609375
1755,12,397.74951171875,633.9940185546875
1756,12,397.4276123046875,635.531982421875
1758,12,398.5970764160156,636.3580322265625
1760,12,399.9144287109375,636.9747314453125
1762,12,401.212646484375,640.6416015625
1775,12,408.14385986328125,656.306640625
1776,12,406.52911376953125,658.06640625
1777,12,405.01593017578125,659.03564453125
1778,12,405.5712890625,659.1519775390625
1780,12,404.3511962890625,661.4583740234375
1781,12,404.85284423828125,662.7933959960938
1782,12,406.60845947265625,664.08740234375
1783,12,406.8219909667969,665.5726318359375
1787,12,405.5114440917969,671.5386962890625
1789,12,404.715576171875,673.158447265625
1790,12,404.8721923828125,673.2901000976562
1791,12,404.74407958984375,674.069091796875
1792,12,402.8887939453125,675.7986450195312
1795,12,405.99859619140625,679.589111328125
1796,12,406.8906555175781,680.5193481445312
1798,12,407.8599853515625,682.0440673828125
1801,12,407.9005126953125,684.7139282226562
1805,12,408.4661560058594,688.94775390625
1806,12,410.0327453613281,691.2566528320312
1811,12,407.17791748046875,695.6397094726562
1812,12,406.9832763671875,695.0775146484375
1814,12,412.1151123046875,696.408935546875
1815,7,1318.3748779296875,778.5938720703125
1823,34,1567.3472900390625,827.5299072265625
1828,7,1316.4423828125,780.0621948242188
1829,12,437.3621826171875,665.1683349609375
1830,12,435.10968017578125,660.4869995117188
1831,12,437.5708312988281,659.46435546875
1834,34,1592.578125,834.064208984375
1836,34,1582.94287109375,827.8861694335938
1838,37,1586.94384765625,827.5257568359375
1840,37,1588.259033203125,823.8518676757812
1843,37,1588.855712890625,827.5664672851562
1865,31,1392.2998046875,1291.94384765625
1870,37,1591.6033935546875,820.508544921875
1871,37,1592.667724609375,820.5880126953125
1889,37,1581.201171875,827.1937255859375
1891,37,1580.388671875,828.1087646484375
1896,37,1580.41162109375,828.1373291015625
1897,12,485.46337890625,612.834228515625
1899,7,1339.996826171875,779.687255859375
1900,12,488.2935791015625,615.8033447265625
1904,37,1580.154296875,826.8656005859375
1909,37,1586.4774169921875,822.805419921875
1912,12,513.442626953125,618.3858642578125
1918,12,533.58935546875,620.7041625976562
1919,12,535.9093017578125,620.73291015625
1920,12,536.97412109375,620.6699829101562
1923,37,1588.142578125,822.6220092773438
1925,37,1585.8984375,822.7965698242188
1928,37,1592.733642578125,819.9520263671875
1929,12,562.3657836914062,624.8994140625
1930,12,564.62158203125,625.1617431640625
1931,12,566.8484497070312,625.8113403320312
1932,37,1588.2578125,822.6314697265625
1933,37,1591.0294189453125,821.4811401367188
1939,12,579.4509887695312,628.3834228515625
1940,12,582.4539794921875,626.6383056640625
1941,12,584.7300415039062,627.4984130859375
1942,12,587.7050170898438,626.0599365234375
1943,12,590.076171875,625.3309326171875
1944,34,1570.03662109375,828.611083984375
1944,12,590.6890869140625,625.640869140625
1945,37,1568.45166015625,830.166748046875
1946,37,1564.834716796875,833.9503173828125
1946,12,596.0660400390625,621.8291015625
1948,12,598.0787963867188,619.45654296875
1950,12,600.34130859375,615.7109985351562
1951,12,600.8563232421875,613.442138671875
1952,12,601.6019287109375,611.3970947265625
1953,34,1537.130859375,836.5863037109375
1953,12,603.4049072265625,606.330322265625
1956,37,1533.83056640625,830.3133544921875
1957,12,603.3555908203125,598.7670288085938
1961,7,1331.8243408203125,780.0673828125
1972,12,602.7791748046875,563.924072265625
1983,7,1307.0,790.5
1992,7,1305.21337890625,767.3872680664062
1992,12,545.2554931640625,550.0985107421875
1993,7,1300.96728515625,767.3983154296875
1993,12,541.6719970703125,550.0783081054688
1994,7,1303.4471435546875,766.8526000976562
1995,7,1307.339599609375,766.69287109375
1995,12,538.0076904296875,548.978515625
1996,12,536.4828491210938,548.933349609375
1997,12,535.954345703125,548.4019775390625
2019,7,1309.62841796875,737.3653564453125
2022,7,1314.0,730.0
2024,7,1314.61083984375,731.8178100585938
2026,7,1318.0,730.5
2027,7,1321.5,729.5
2028,7,1324.48046875,732.9462280273438
2028,13,1154.1015625,116.6943588256836
2029,13,1153.852783203125,116.8240737915039
2030,13,1151.1669921875,114.385986328125
2031,12,496.7645263671875,482.648193359375
2032,7,1323.169677734375,720.8385009765625
2033,7,1322.82421875,719.17578125
2034,37,1472.0,855.0
2034,7,1322.0709228515625,717.3809204101562
2035,7,1320.410400390625,711.2445678710938
2035,12,492.9070129394531,466.43988037109375
2037,13,1151.271240234375,114.61785888671875
2038,12,489.46539306640625,455.46295166015625
2038,13,1151.271240234375,114.61785888671875
2039,13,1151.293212890625,114.20402526855469
2040,13,1151.388671875,113.89157104492188
2041,37,1463.73974609375,870.3298950195312
2043,12,486.0233459472656,444.34844970703125
2043,13,1150.875,114.2451171875
2044,13,1151.3582763671875,114.3443603515625
2045,12,484.2181396484375,442.04522705078125
2047,12,483.850341796875,432.7684020996094
2048,37,484.28802490234375,429.9237060546875
2049,12,482.89910888671875,425.623779296875
2051,12,479.528564453125,420.4859619140625
2054,12,477.9405822753906,409.88763427734375
2054,13,1150.836669921875,115.75953674316406
2057,12,477.00115966796875,396.39642333984375
2058,12,476.79840087890625,394.4434814453125
2062,13,1151.8758544921875,115.30661010742188
2063,12,471.8297424316406,363.95068359375
2066,12,470.76690673828125,354.8796081542969
2067,12,470.6138916015625,346.7330322265625
2068,12,471.23870849609375,341.1802978515625
2069,12,472.5236511230469,335.8328857421875
2070,8,1476.265380859375,872.3604736328125
2073,13,1152.201171875,115.7451171875
2079,8,1486.036865234375,874.263427734375
2080,12,472.55511474609375,300.47845458984375
2082,12,470.53582763671875,297.0231628417969
2082,13,1151.813720703125,114.41847229003906
2088,12,461.646484375,289.4944763183594
2088,13,1151.4547119140625,116.01031494140625
2089,12,461.84417724609375,283.7293701171875
2090,12,463.70501708984375,281.5596923828125
2093,12,465.6162414550781,274.3546447753906
2095,12,465.5145263671875,269.5718994140625
2096,12,466.81787109375,268.54095458984375
2097,12,467.49749755859375,266.556884765625
2099,37,1484.5,866.0
2099,12,467.2749328613281,261.7005615234375
2100,12,467.4317626953125,259.5391845703125
2101,12,467.8548278808594,255.68365478515625
2102,12,470.7103576660156,251.30361938476562
2103,12,472.9163818359375,247.653076171875
2106,12,471.445556640625,238.44065856933594
2107,7,1389.153076171875,549.5009765625
2109,12,468.62738037109375,229.63865661621094
2110,12,467.01470947265625,227.50631713867188
2111,12,466.10821533203125,224.0568084716797
2114,12,464.2964172363281,214.9167022705078
2116,12,462.983642578125,210.9951934814453
2118,13,1153.595458984375,117.18719482421875
2122,12,460.5224304199219,189.3216552734375
2123,12,459.9398498535156,183.10006713867188
2124,12,456.5401306152344,181.0564727783203
2132,37,1488.07958984375,866.8006591796875
2140,12,429.49908447265625,149.82359313964844
2142,8,1484.1661376953125,867.8475341796875
2157,38,1227.208740234375,510.571044921875
2163,13,1152.360595703125,117.06613159179688
2165,12,434.001708984375,127.05233764648438
2180,12,439.49725341796875,115.96047973632812
2182,12,440.4576416015625,116.54937744140625
2183,12,440.63690185546875,116.79338073730469
2184,12,440.63690185546875,116.79338073730469
2229,13,1152.50830078125,117.56822204589844
2230,13,1152.4002685546875,117.60939025878906
2231,13,1152.4002685546875,117.60939025878906
2232,13,1152.4002685546875,117.60939025878906
2233,13,1152.4002685546875,117.60939025878906
2234,13,1152.4002685546875,117.60939025878906
2235,13,1152.3258056640625,117.84085083007812
2238,13,1152.3331298828125,117.7269287109375
2243,7,1304.9342041015625,644.7432250976562
2249,7,1307.4852294921875,647.1260986328125
2252,7,1310.75244140625,638.0947265625
2262,7,1294.398681640625,624.3060302734375
2267,12,460.9467468261719,133.37432861328125
2271,12,456.6484069824219,138.3715362548828
2273,7,1273.5,616.5
2284,7,1254.5,606.0
2289,12,456.4353942871094,152.7246551513672
2290,12,456.8506164550781,151.26998901367188
2294,12,476.9212341308594,135.6928253173828
2296,12,480.4266052246094,134.04791259765625
2297,13,1152.60595703125,117.90876770019531
2298,13,1152.60595703125,117.90876770019531
2299,13,1152.60595703125,117.90876770019531
2300,37,1446.72412109375,831.5792846679688
2300,7,1227.2154541015625,625.3629760742188
2300,13,1152.852783203125,117.87932586669922
2301,13,1152.852783203125,117.87932586669922
2302,13,1152.852783203125,117.87932586669922
2303,13,1152.852783203125,117.87932586669922
2304,13,1152.852783203125,117.87932586669922
2305,12,501.0821228027344,119.87146759033203
2305,13,1152.852783203125,117.87932586669922
2306,13,1152.852783203125,117.87932586669922
2307,13,1152.8529052734375,117.87544250488281
2309,13,1152.8529052734375,117.87544250488281
2310,13,1152.8529052734375,117.87544250488281
2311,13,1152.8529052734375,117.87544250488281
2312,13,1152.8529052734375,117.87544250488281
2313,7,1175.762939453125,615.9580078125
2314,7,1169.8155517578125,618.8375244140625
2315,7,1169.64208984375,617.82421875
2316,7,1167.756591796875,617.2973022460938
2316,13,1152.8529052734375,117.87544250488281
2317,7,1169.2298583984375,617.0242919921875
2317,13,1152.8529052734375,117.87544250488281
2320,7,1172.355224609375,618.3383178710938
2329,7,1159.947265625,634.17333984375
2333,7,1161.6917724609375,645.169677734375
2334,7,1161.6802978515625,648.7470703125
2336,7,1162.234130859375,652.8732299804688
2337,7,1162.6220703125,658.4209594726562
2339,7,1162.970703125,663.4835205078125
2339,12,590.9381103515625,107.85467529296875
2340,12,591.1437377929688,107.93276977539062
2341,12,593.3065185546875,109.53565216064453
2343,7,1157.42919921875,665.443115234375
2344,7,1156.615234375,668.1854248046875
2344,12,603.3232421875,114.8956298828125
2345,12,604.444091796875,116.70550537109375
2346,12,605.6286010742188,117.49961853027344
2348,12,607.856689453125,118.36163330078125
2349,7,1139.494140625,679.4759521484375
2349,12,612.3463134765625,113.39787292480469
2350,7,1140.0399169921875,682.2521362304688
2350,12,618.2523193359375,112.64076232910156
2351,7,1142.343017578125,687.6209716796875
2351,12,619.3463745117188,112.58354187011719
2354,12,630.6864624023438,117.17823791503906
2356,7,1140.939453125,693.8121337890625
2357,12,637.847900390625,120.56370544433594
2358,12,638.1392822265625,121.23135375976562
2360,7,1139.962646484375,693.9404296875
2361,7,1140.009033203125,692.6702270507812
2361,13,1153.0455322265625,117.49311828613281
2362,12,671.99462890625,126.0549087524414
2362,13,1153.1046142578125,117.78219604492188
2363,7,1140.6947021484375,690.4713745117188
2364,12,679.9442138671875,125.47579956054688
2365,17,1409.0,992.0
2366,7,1132.5830078125,692.947998046875
2366,12,691.7130126953125,126.30659484863281
2367,17,1408.0,993.0
2368,7,1125.53564453125,690.8928833007812
2368,12,706.2221069335938,122.9011459350586
2369,12,708.5388793945312,121.57144165039062
2370,13,1153.103515625,117.43647003173828
2371,12,710.9727783203125,123.28544616699219
2371,13,1153.103515625,117.43647003173828
2372,12,712.3671264648438,123.27848815917969
2372,13,1152.7257080078125,117.47377014160156
2373,13,1152.7257080078125,117.47377014160156
2374,12,720.4342041015625,126.33056640625
2374,13,1152.72314453125,117.32868957519531
2375,13,1152.72314453125,117.32868957519531
2376,13,1152.72314453125,117.32868957519531
2377,12,732.7476806640625,130.72438049316406
2378,12,741.8656005859375,130.38693237304688
2379,12,743.8414306640625,129.5517578125
2380,7,1100.05126953125,690.3397216796875
2380,12,746.281005859375,130.6204833984375
2387,7,1103.5760498046875,695.1279296875
2390,7,1104.663330078125,700.23583984375
2391,12,793.017578125,151.80941772460938
2394,12,808.4844970703125,154.92724609375
2397,7,1101.0,703.5
2398,7,1103.484375,703.7418212890625
2399,44,1100.53662109375,700.7122802734375
